Model,Prompt,Response,Factual Hallucinations,Logical Hallucinations,Contradictory Hallucinations
Perplexity-LLM,Compare and contrast the themes of dystopia in '1984' by George Orwell and 'The Handmaid's Tale' by Margaret Atwood.,"Comparison of Dystopian Themes in ""1984"" and ""The Handmaid's Tale""
Both ""1984"" by George Orwell and ""The Handmaid's Tale"" by Margaret Atwood present chilling visions of dystopian societies, exploring themes of totalitarianism, surveillance, identity, and sexual repression. Despite their distinct settings and ideological foundations, the novels share significant thematic parallels.
Totalitarian Control
In both novels, the governments exert extreme control over their citizens. In Orwell's Oceania, the Party employs surveillance through telescreens and the Thought Police to monitor behavior and eliminate dissent. Citizens are conditioned to live in constant fear, leading to self-censorship and paranoia. Similarly, Atwood's Gilead is a theocratic regime where women are subjugated, stripped of their rights, and monitored by an organization known as the Eyes. The pervasive surveillance creates an atmosphere of fear that suppresses any potential rebellion.
Surveillance and Indoctrination
Both societies utilize surveillance not only as a means of control but also as a method of indoctrination. In Gilead, handmaids are indoctrinated in the Red Center, where they are taught to accept their roles as child-bearers for the elite. In contrast, Orwell’s citizens are subjected to a historical revisionism that aligns with the Party's narrative, further entrenching their loyalty through propaganda. The result is a populace that is not only watched but also molded to fit the regime's ideals.
Identity and Language
A critical theme in both novels is the manipulation of identity through language. In ""The Handmaid's Tale,"" women lose their names and identities; they are referred to as ""Of"" followed by the name of their male owners (e.g., Offred) to signify possession. This dehumanization serves to strip them of individuality. Conversely, Orwell's protagonist, Winston Smith, is reduced to a number (6079 Smith W) at a point where he becomes desensitized to his own identity. Both authors illustrate how language can be weaponized to limit freedom of thought—Orwell through Newspeak, which aims to eliminate complex ideas, and Atwood through the enforced simplicity of communication among handmaids.
Sexual Repression
Sexual repression is another shared theme. In ""1984,"" sex is regulated solely for procreation; intimacy is discouraged as it poses a threat to Party loyalty. Winston's relationship with Julia becomes an act of rebellion against this repression. Similarly, in ""The Handmaid's Tale,"" sex is strictly for reproduction; handmaids are forced into sexual servitude without any emotional connection or pleasure. Both novels depict how totalitarian regimes use sexual control as a means to exert power over individuals.
Conclusion
While Orwell's vision in ""1984"" reflects a totalitarian state driven by political ideology, Atwood's ""The Handmaid's Tale"" presents a society governed by religious extremism. Both texts serve as warnings about the dangers of unchecked power and the erosion of personal freedoms, emphasizing how oppressive regimes can manipulate identity, language, and sexuality to maintain control over their citizens. The thematic connections between these two seminal works highlight the universal concerns regarding autonomy and resistance in the face of authoritarianism.",3,1,1
